{
   "abstract" : "A simple client for interacting with RESTful http/https resources",
   "author" : [
      "Miles Crawford, <mcrawfor@cpan.org>"
   ],
   "dynamic_config" : 0,
   "generated_by" : "Module::Install version 0.92, CPAN::Meta::Converter version 2.120351",
   "license" : [
      "perl_5"
   ],
   "meta-spec" : {
      "url" : "http://search.cpan.org/perldoc?CPAN::Meta::Spec",
      "version" : "2"
   },
   "name" : "REST-Client",
   "no_index" : {
      "directory" : [
         "inc",
         "t"
      ]
   },
   "prereqs" : {
      "build" : {
         "requires" : {
            "ExtUtils::MakeMaker" : "6.42",
            "Test::More" : "0.8"
         }
      },
      "configure" : {
         "requires" : {
            "ExtUtils::MakeMaker" : "0"
         }
      },
      "runtime" : {
         "requires" : {
            "Crypt::SSLeay" : "0",
            "LWP::UserAgent" : "0",
            "URI" : "0",
            "perl" : "5.008"
         }
      }
   },
   "release_status" : "stable",
   "resources" : {
      "license" : [
         "http://dev.perl.org/licenses/"
      ]
   },
   "version" : "272"
}
