{
   "abstract" : "apparently run a function in a higher stack frame",
   "author" : [
      "Michael Schwern <mschwern@cpan.org>",
      "David Golden <dagolden@cpan.org>"
   ],
   "dynamic_config" : 0,
   "generated_by" : "Dist::Zilla version 5.031, CPAN::Meta::Converter version 2.143240, CPAN::Meta::Converter version 2.120351",
   "license" : [
      "perl_5"
   ],
   "meta-spec" : {
      "url" : "http://search.cpan.org/perldoc?CPAN::Meta::Spec",
      "version" : "2"
   },
   "name" : "Sub-Uplevel",
   "no_index" : {
      "directory" : [
         "t",
         "xt",
         "examples",
         "corpus"
      ],
      "package" : [
         "DB"
      ]
   },
   "prereqs" : {
      "build" : {
         "requires" : {
            "ExtUtils::MakeMaker" : "0"
         }
      },
      "configure" : {
         "requires" : {
            "ExtUtils::MakeMaker" : "6.17"
         }
      },
      "develop" : {
         "requires" : {
            "Dist::Zilla" : "5",
            "Dist::Zilla::PluginBundle::DAGOLDEN" : "0.073",
            "File::Spec" : "0",
            "File::Temp" : "0",
            "IO::Handle" : "0",
            "IPC::Open3" : "0",
            "Pod::Coverage::TrustPod" : "0",
            "Test::CPAN::Meta" : "0",
            "Test::More" : "0",
            "Test::Pod" : "1.41",
            "Test::Pod::Coverage" : "1.08",
            "Test::Spelling" : "0.12",
            "Test::Version" : "1"
         }
      },
      "runtime" : {
         "requires" : {
            "Carp" : "0",
            "constant" : "0",
            "perl" : "5.006",
            "strict" : "0",
            "warnings" : "0"
         }
      },
      "test" : {
         "recommends" : {
            "CPAN::Meta" : "2.120900"
         },
         "requires" : {
            "Exporter" : "0",
            "ExtUtils::MakeMaker" : "0",
            "File::Spec" : "0",
            "Test::More" : "0"
         }
      }
   },
   "provides" : {
      "Sub::Uplevel" : {
         "file" : "lib/Sub/Uplevel.pm",
         "version" : "0.25"
      }
   },
   "release_status" : "stable",
   "resources" : {
      "bugtracker" : {
         "web" : "https://github.com/dagolden/Sub-Uplevel/issues"
      },
      "homepage" : "https://github.com/dagolden/Sub-Uplevel",
      "repository" : {
         "type" : "git",
         "url" : "https://github.com/dagolden/Sub-Uplevel.git",
         "web" : "https://github.com/dagolden/Sub-Uplevel"
      }
   },
   "version" : "0.25",
   "x_authority" : "cpan:DAGOLDEN",
   "x_contributors" : [
      "Adam Kennedy <adamk@cpan.org>",
      "Alexandr Ciornii <alexchorny@gmail.com>",
      "Michael Gray <mg13@sanger.ac.uk>"
   ]
}
