{"provides":{"JSON::PP::Boolean":{"version":"2.27203","file":"blib/lib/JSON/PP.pm"},"MY":{"version":"7.04","file":"blib/lib/ExtUtils/MakeMaker.pm"},"ExtUtils::Install":{"version":"1.54","file":"blib/lib/ExtUtils/Install.pm"},"ExtUtils::MM_MacOS":{"version":"7.04","file":"blib/lib/ExtUtils/MM_MacOS.pm"},"ExtUtils::MM":{"version":"7.04","file":"blib/lib/ExtUtils/MM.pm"},"MM":{"version":"7.04","file":"blib/lib/ExtUtils/MM.pm"},"ExtUtils::MM_UWIN":{"version":"7.04","file":"blib/lib/ExtUtils/MM_UWIN.pm"},"CPAN::Meta":{"version":"2.120351","file":"blib/lib/CPAN/Meta.pm"},"ExtUtils::MM_NW5":{"version":"7.04","file":"blib/lib/ExtUtils/MM_NW5.pm"},"ExtUtils::Mksymlists":{"version":"7.04","file":"blib/lib/ExtUtils/Mksymlists.pm"},"ExtUtils::Manifest":{"version":"1.65","file":"blib/lib/ExtUtils/Manifest.pm"},"CPAN::Meta::Prereqs":{"version":"2.120351","file":"blib/lib/CPAN/Meta/Prereqs.pm"},"ExtUtils::MM_QNX":{"version":"7.04","file":"blib/lib/ExtUtils/MM_QNX.pm"},"ExtUtils::MakeMaker::Config":{"version":"7.04","file":"blib/lib/ExtUtils/MakeMaker/Config.pm"},"CPAN::Meta::Converter":{"version":"2.120351","file":"blib/lib/CPAN/Meta/Converter.pm"},"CPAN::Meta::History":{"version":"2.120351","file":"blib/lib/CPAN/Meta/History.pm"},"ExtUtils::MakeMaker::version::regex":{"version":"7.04","file":"blib/lib/ExtUtils/MakeMaker/version/regex.pm"},"ExtUtils::MM_Unix":{"version":"7.04","file":"blib/lib/ExtUtils/MM_Unix.pm"},"ExtUtils::MM_Darwin":{"version":"7.04","file":"blib/lib/ExtUtils/MM_Darwin.pm"},"ExtUtils::MakeMaker":{"version":"7.04","file":"blib/lib/ExtUtils/MakeMaker.pm"},"ExtUtils::MM_Win32":{"version":"7.04","file":"blib/lib/ExtUtils/MM_Win32.pm"},"ExtUtils::MM_VOS":{"version":"7.04","file":"blib/lib/ExtUtils/MM_VOS.pm"},"ExtUtils::testlib":{"version":"7.04","file":"blib/lib/ExtUtils/testlib.pm"},"ExtUtils::MakeMaker::version":{"version":"7.04","file":"blib/lib/ExtUtils/MakeMaker/version.pm"},"CPAN::Meta::Requirements":{"version":"2.127","file":"blib/lib/CPAN/Meta/Requirements.pm"},"ExtUtils::Command::MM":{"version":"7.04","file":"blib/lib/ExtUtils/Command/MM.pm"},"ExtUtils::MM_BeOS":{"version":"7.04","file":"blib/lib/ExtUtils/MM_BeOS.pm"},"ExtUtils::MM_Any":{"version":"7.04","file":"blib/lib/ExtUtils/MM_Any.pm"},"CPAN::Meta::Validator":{"version":"2.120351","file":"blib/lib/CPAN/Meta/Validator.pm"},"ExtUtils::MakeMaker::version::vpp":{"version":"7.04","file":"blib/lib/ExtUtils/MakeMaker/version/vpp.pm"},"ExtUtils::MM_VMS":{"version":"7.04","file":"blib/lib/ExtUtils/MM_VMS.pm"},"ExtUtils::MY":{"version":"7.04","file":"blib/lib/ExtUtils/MY.pm"},"ExtUtils::MM_DOS":{"version":"7.04","file":"blib/lib/ExtUtils/MM_DOS.pm"},"ExtUtils::Installed":{"version":"1.999_001","file":"blib/lib/ExtUtils/Installed.pm"},"ExtUtils::MM_Cygwin":{"version":"7.04","file":"blib/lib/ExtUtils/MM_Cygwin.pm"},"ExtUtils::MakeMaker::_version":{"version":"7.04","file":"blib/lib/ExtUtils/MM_Unix.pm"},"ExtUtils::MM_OS2":{"version":"7.04","file":"blib/lib/ExtUtils/MM_OS2.pm"},"ExtUtils::Liblist::Kid":{"version":"7.04","file":"blib/lib/ExtUtils/Liblist/Kid.pm"},"ExtUtils::MakeMaker::Locale":{"version":"7.04","file":"blib/lib/ExtUtils/MakeMaker/Locale.pm"},"Parse::CPAN::Meta":{"version":"1.4405","file":"blib/lib/Parse/CPAN/Meta.pm"},"JSON::PP::IncrParser":{"version":"2.27203","file":"blib/lib/JSON/PP.pm"},"ExtUtils::Packlist":{"version":"1.43","file":"blib/lib/ExtUtils/Packlist.pm"},"ExtUtils::MM_Win95":{"version":"7.04","file":"blib/lib/ExtUtils/MM_Win95.pm"},"CPAN::Meta::Feature":{"version":"2.120351","file":"blib/lib/CPAN/Meta/Feature.pm"},"CPAN::Meta::Spec":{"version":"2.120351","file":"blib/lib/CPAN/Meta/Spec.pm"},"ExtUtils::Install::Warn":{"version":"1.54","file":"blib/lib/ExtUtils/Install.pm"},"ExtUtils::MakeMaker::charstar":{"version":"7.04","file":"blib/lib/ExtUtils/MakeMaker/version/vpp.pm"},"CPAN::Meta::YAML":{"version":"0.008","file":"blib/lib/CPAN/Meta/YAML.pm"},"JSON::PP":{"version":"2.27203","file":"blib/lib/JSON/PP.pm"},"ExtUtils::MM_AIX":{"version":"7.04","file":"blib/lib/ExtUtils/MM_AIX.pm"},"ExtUtils::Liblist":{"version":"7.04","file":"blib/lib/ExtUtils/Liblist.pm"},"ExtUtils::Mkbootstrap":{"version":"7.04","file":"blib/lib/ExtUtils/Mkbootstrap.pm"}},"target":"ExtUtils::MakeMaker","version":"7.04","name":"ExtUtils::MakeMaker","dist":"ExtUtils-MakeMaker-7.04","pathname":"B/BI/BINGOS/ExtUtils-MakeMaker-7.04.tar.gz"}